<?xml version="1.0" encoding="UTF-8" standalone="no"?><customers>  
    <customer> 
        <ID>1</ID>
        <name>Morteza</name>
        <family>Hosseini</family>
        <phone>123</phone>  
        <address>Budapest</address> 
    </customer>
    <customer> 
        <ID>2</ID>
        <name>Morteza</name>
        <family>Hosseini</family>
        <phone>123</phone>  
        <address>Budapest</address> 
    </customer>
<customer><ID>3</ID><name>test</name><family>test</family><phone>0</phone><address>test</address></customer><customer><ID>4</ID><name>test1</name><family>test1</family><phone>1</phone><address>test1</address></customer><customer><ID>5</ID><name>Morteza</name><family>Hosseini</family><phone>1234</phone><address>Hungary</address></customer><customer><ID>6</ID><name>final</name><family>test</family><phone>456</phone><address>testtest</address></customer><customer><ID>7</ID><name>check</name><family>chck</family><phone>123</phone><address>test</address></customer><customer><ID>8</ID><name>test</name><family>test</family><phone>123</phone><address>test</address></customer><customer><ID>9</ID><name>9</name><family>9</family><phone>9</phone><address>9</address></customer></customers>